action	min_reward	mean_reward	max_reward
0	0.009812387127302548	0.4207011290235738	0.7995955779960395
1	0.40022616317072746	0.5001789308484046	0.5996278505123932
