action	min_reward	mean_reward	max_reward
0	0.0011038869756559322	0.3962384637199737	0.7995955779960395
1	0.40131719643577335	0.5056938185774646	0.5996278505123932
2	0.2005654079268186	0.4381262151449564	0.6989964851458685
