action	min_reward	mean_reward	max_reward
0	0.0	0.5838704706263165	3.7614611916597194
1	0.0	0.5135342916696117	2.707421950056615
2	0.0	0.1852080707730527	0.9666168669576152
