strategy	regret
uniform	49.999999999999986
just-0	99.99999999999997
just-1	0.0
just-2	50.00000000000004
actual	66.15
